satPRN,GPS time,Sat.X,Sat.Y,Sat.Z,pseudorange,cn0
G02,3139.342218269012,14591866.966557112,-5125610.266319888,22056116.95658494,22792039.017682195,47.2
G03,3139.3385134040145,23173479.482240584,-12102446.045672685,4147832.625594413,24131358.534740735,44.3
G08,3139.3481743880548,24944545.530409124,4723196.893046651,8404084.294735465,21178412.136658646,50.7
G10,3155.342627316015,-1422253.478673378,17205202.58820848,20295954.526775006,22802966.663672205,36.2
G21,3139.346333184978,15717806.50748737,1649481.8821763806,21896290.070443552,21732699.375334933,44.1
G27,3139.3447563149966,23134798.299755145,13296734.952176219,-2727530.9775311192,22161735.16137114,43.2
G28,3139.3391074769897,5190524.141343625,25780713.095625866,-3750984.7821385763,23800201.24902511,38.1
G32,3139.3471254500328,8004524.969909515,17928069.811361097,18190163.98179976,21271716.472752698,42.2
